"Name","Value","Comment"
"B_Add.Content","Agregar","Agregar"
"B_AddBook.ToolTipService.ToolTip","Agregar nuevo libro","Agregar nuevo libro"
"B_AddBookmark.ToolTipService.ToolTip","Agregar marcador","Agregar marcador"
"B_AddFolder.Content","Agregar carpeta","Agregar carpeta"
"B_AddNote.ToolTipService.ToolTip","Agregar nota","Agregar nota"
"B_AddSite.ToolTipService.ToolTip","Agregar nuevo sitio","Agregar nuevo sitio"
"B_AudioSettings.ToolTipService.ToolTip","Configuraciones de audio","Configuraciones de audio"
"B_Back.Content","Atrás","Atrás"
"B_Back1.ToolTipService.ToolTip","Atrás","Atrás"
"B_Backup_Bkp.Content","Respaldo","Respaldo"
"B_Backup_Restore.Content","Restaurar","Restaurar"
"B_Blog.ToolTipService.ToolTip","Lee nuestro blog","Lee nuestro blog"
"B_Bookmarks.ToolTipService.ToolTip","Marcadores","Marcadores"
"B_Cancel.Content","Cancelar","Cancelar"
"B_ChngLog.ToolTipService.ToolTip","Registro de cambios","Registro de cambios"
"B_ClearHighlight.ToolTipService.ToolTip","Borrar resaltado","Borrar resaltado"
"B_Close.Content","Cerca","Cerca"
"B_Close1.ToolTipService.ToolTip","Cerca","Cerca"
"B_Collapse.ToolTipService.ToolTip","Colapsar","Colapsar"
"B_ColorMenu.ToolTipService.ToolTip","Menú de colores","Menú de colores"
"B_ContactSupport.ToolTipService.ToolTip","Contactar con soporte","Contactar con soporte"
"B_Copy.ToolTipService.ToolTip","Copiar","Copiar"
"B_Credits.ToolTipService.ToolTip","Créditos","Créditos"
"B_Delete.Text","Borrar","Borrar"
"B_DeleteNote.ToolTipService.ToolTip","Eliminar nota","Eliminar nota"
"B_Done.ToolTipService.ToolTip","Hecho","Hecho"
"B_Downloads.ToolTipService.ToolTip","Descargas","Descargas"
"B_ExitReadingMode.ToolTipService.ToolTip","Salir del modo de lectura (Ctrl + E)","Salir del modo de lectura (Ctrl + E)"
"B_Expand.ToolTipService.ToolTip","Expandir","Expandir"
"B_ExportCollection.ToolTipService.ToolTip","Exportar colecciones","Exportar colecciones"
"B_Fb.ToolTipService.ToolTip","Me gusta en Facebook","Me gusta en Facebook"
"B_Female.Content","Femenino","Femenino"
"B_FilterFav.ToolTipService.ToolTip","Filtrar por favoritos","Filtrar por favoritos"
"B_Forward.ToolTipService.ToolTip","Adelante","Adelante"
"B_General.Content","Reiniciar","Reiniciar"
"B_GitHub.ToolTipService.ToolTip","GitHub","GitHub"
"B_Group.ToolTipService.ToolTip","Grupo","Grupo"
"B_Highlight.ToolTipService.ToolTip","Destacar","Destacar"
"B_Home.ToolTipService.ToolTip","Hogar","Hogar"
"B_Information.ToolTipService.ToolTip","Información","Información"
"B_JSInspect.ToolTipService.ToolTip","JS inspeccionar","JS inspeccionar"
"B_LinkBack.ToolTipService.ToolTip","Volver a la fuente del enlace","Volver a la fuente del enlace"
"B_Mail.ToolTipService.ToolTip","Correo","Correo"
"B_Male.Content","Masculino","Masculino"
"B_MatchCase.ToolTipService.ToolTip","caso de partido","caso de partido"
"B_MatchWWord.ToolTipService.ToolTip","Coincidir palabra completa","Coincidir palabra completa"
"B_Next.Content","Próximo","Próximo"
"B_NextLine.ToolTipService.ToolTip","Siguiente línea (Ctrl + →)","Siguiente línea (Ctrl + →)"
"B_NH.ToolTipService.ToolTip","Notas y aspectos destacados","Notas y aspectos destacados"
"B_OpenBook.Content","Libro abierto","Libro abierto"
"B_Pag1Cols.ToolTipService.ToolTip","Paginado 1 columna","Paginado 1 columna"
"B_Pag2Cols.ToolTipService.ToolTip","Paginado 2 columnas","Paginado 2 columnas"
"B_PagVertical.ToolTipService.ToolTip","Desplazamiento vertical","Desplazamiento vertical"
"B_PreviousLine.ToolTipService.ToolTip","Línea anterior (Ctrl + ←)","Línea anterior (Ctrl + ←)"
"B_PrivacyPolicy.ToolTipService.ToolTip","Política de privacidad","Política de privacidad"
"B_RateStore.ToolTipService.ToolTip","Tarifa en tienda","Tarifa en tienda"
"B_ReadAloud.ToolTipService.ToolTip","Leer en voz alta (Ctrl + R)","Leer en voz alta (Ctrl + R)"
"B_ReadAloud1.ToolTipService.ToolTip","Leer en voz alta","Leer en voz alta"
"B_ReadAloudSettings.ToolTipService.ToolTip","Configuración de lectura en voz alta","Configuración de lectura en voz alta"
"B_Refresh.ToolTipService.ToolTip","Refrescar","Refrescar"
"B_Remove.ToolTipService.ToolTip","Eliminar","Eliminar"
"B_Reset.ToolTipService.ToolTip","Reiniciar","Reiniciar"
"B_RmSyncFolderBtn1.Content","Sí, pero lleva libros.","Sí, pero lleva libros."
"B_RmSyncFolderBtn2.Content","Sí, y quitar libros.","Sí, y quitar libros."
"B_Save.Content","Ahorrar","Ahorrar"
"B_Search.ToolTipService.ToolTip","Buscar","Buscar"
"B_Search1.ToolTipService.ToolTip","Buscar (Ctrl + F)","Buscar (Ctrl + F)"
"B_SearchWeb.ToolTipService.ToolTip","buscar en la web","buscar en la web"
"B_SelectFolder.ToolTipService.ToolTip","Seleccionar carpeta","Seleccionar carpeta"
"B_SelectIcon.Content","Seleccionar icono","Seleccionar icono"
"B_ShowCB.ToolTipService.ToolTip","Mostrar barra de comandos","Mostrar barra de comandos"
"B_Sort.ToolTipService.ToolTip","Clasificar","Clasificar"
"B_Sync_Edit.ToolTipService.ToolTip","Editar","Editar"
"B_TextFormat.ToolTipService.ToolTip","Formato de texto","Formato de texto"
"B_TextStyle.ToolTipService.ToolTip","Estilo de texto","Estilo de texto"
"B_Theme1.Content","Blanco","Blanco"
"B_Theme1.ToolTipService.ToolTip","Blanco (Ctrl+T+1)","Blanco (Ctrl+T+1)"
"B_Theme2.Content","Plata","Plata"
"B_Theme2.ToolTipService.ToolTip","Plata (Ctrl + T + 2)","Plata (Ctrl + T + 2)"
"B_Theme3.Content","Sepia","Sepia"
"B_Theme3.ToolTipService.ToolTip","Sepia (Ctrl+T+3)","Sepia (Ctrl+T+3)"
"B_Theme4.Content","Noche","Noche"
"B_Theme4.ToolTipService.ToolTip","Noche (Ctrl+T+4)","Noche (Ctrl+T+4)"
"B_Theme5.Content","Solarizado","Solarizado"
"B_Theme5.ToolTipService.ToolTip","Solarizado (Ctrl + T + 5)","Solarizado (Ctrl + T + 5)"
"B_Theme6.Content","Costumbre","Costumbre"
"B_TOC.ToolTipService.ToolTip","Tabla de contenido","Tabla de contenido"
"B_ToggleFav.ToolTipService.ToolTip","Alternar favorito","Alternar favorito"
"B_ToggleFullscreen.ToolTipService.ToolTip","Alternar pantalla completa (F11)","Alternar pantalla completa (F11)"
"B_Translate.ToolTipService.ToolTip","Traducir","Traducir"
"B_Tw.ToolTipService.ToolTip","Síguenos en Twitter","Síguenos en Twitter"
"B_ZoomIn.ToolTipService.ToolTip","Dar un golpe de zoom","Dar un golpe de zoom"
"B_ZoomOut.ToolTipService.ToolTip","Alejar","Alejar"
"C_AddFolder_AddRecent.Content","Agregar libros a la lista reciente","Agregar libros a la lista reciente"
"C_AddFolder_AutoRemove.Content","Eliminar automáticamente libros de la biblioteca (incluidas notas, resaltados, etc.) cuando se eliminan archivos de la carpeta","Eliminar automáticamente libros de la biblioteca (incluidas notas, resaltados, etc.) cuando se eliminan archivos de la carpeta"
"C_AddFolder_RecSearch.Content","Buscar subcarpetas recursivamente","Buscar subcarpetas recursivamente"
"C_AddFolder_SyncFolder.Content","Sincroniza esta carpeta y agrega automáticamente nuevos libros","Sincroniza esta carpeta y agrega automáticamente nuevos libros"
"C_Backup_AStats.Content","Estadísticas de la aplicación","Estadísticas de la aplicación"
"C_Backup_BFav.Content","Libro lista de favoritos","Libro lista de favoritos"
"C_Backup_BFiles.Content","Archivos de libros","Archivos de libros"
"C_Backup_BMeta.Content","Metadatos del libro","Metadatos del libro"
"C_Backup_Bookmarks.Content","Marcadores","Marcadores"
"C_Backup_Config.Description","Seleccione la configuración para la operación de copia de seguridad o restauración","Seleccione la configuración para la operación de copia de seguridad o restauración"
"C_Backup_Config.Title","Elige la configuración","Elige la configuración"
"C_Backup_NandH.Content","Notas y aspectos destacados","Notas y aspectos destacados"
"C_Backup_Operation.Description","Seleccione la operación que desea realizar","Seleccione la operación que desea realizar"
"C_Backup_Operation.Title","Elige operación","Elige operación"
"C_Backup_Storage.Description","Seleccione el almacenamiento de origen o de destino para la operación","Seleccione el almacenamiento de origen o de destino para la operación"
"C_Backup_Storage.Title","Elige almacenamiento","Elige almacenamiento"
"C_Books.ToolTipService.ToolTip","Libros","Libros"
"C_ChapterList.ToolTipService.ToolTip","Lista de capítulos","Lista de capítulos"
"C_CollectionType.ToolTipService.ToolTip","Tipo de colección","Tipo de colección"
"C_General_Advt.Description","Preferencia por el tipo de anuncios.","Preferencia por el tipo de anuncios."
"C_General_Advt.Title","Adv. preferencia","Adv. preferencia"
"C_General_BookTitle.Description","Mostrar título para todos los libros en la vista de biblioteca","Mostrar título para todos los libros en la vista de biblioteca"
"C_General_BookTitle.Title","Mostrar títulos de libros","Mostrar títulos de libros"
"C_General_Lang.Description","Los botones, menús y otros controles se mostrarán en este idioma.
Esta configuración se aplicará la próxima vez que inicie la aplicación.","Los botones, menús y otros controles se mostrarán en este idioma.
Esta configuración se aplicará la próxima vez que inicie la aplicación."
"C_General_Lang.Title","Idioma de visualización","Idioma de visualización"
"C_General_Tutorial.Description","Mostrar todos los tutoriales nuevamente.","Mostrar todos los tutoriales nuevamente."
"C_General_Tutorial.Title","Restablecer tutoriales","Restablecer tutoriales"
"C_Personal_ColorThemes.Title","Temas de color","Temas de color"
"C_Personal_TransBanckground.Title","fondo transparente","fondo transparente"
"C_Personal_TransBanckSlider.Title","Transparencia de fondo","Transparencia de fondo"
"C_Prem1.BillDetails","Facturado trimestralmente","Facturado trimestralmente"
"C_Prem1.DurationString","meses","meses"
"C_Prem2.BillDetails","Facturado anualmente","Facturado anualmente"
"C_Prem2.DurationString","meses","meses"
"C_Prem3.BillDetails","Compra única","Compra única"
"C_Prem3.DurationString","Vida","Vida"
"C_Reader_AutoLayout.Description","En el diseño de 2 columnas, cuando el dispositivo gira al modo vertical, el lector cambiará automáticamente al diseño de 1 columna y viceversa.","En el diseño de 2 columnas, cuando el dispositivo gira al modo vertical, el lector cambiará automáticamente al diseño de 1 columna y viceversa."
"C_Reader_AutoLayout.Title","Cambio automático al diseño de 1 columna","Cambio automático al diseño de 1 columna"
"C_Reader_AutoScroll.Description","Desplaza automáticamente la página para seguir la oración que se lee en el modo Leer en voz alta","Desplaza automáticamente la página para seguir la oración que se lee en el modo Leer en voz alta"
"C_Reader_AutoScroll.Title","Desplazamiento automático de lectura en voz alta","Desplazamiento automático de lectura en voz alta"
"C_Reader_BookFont.Description","Reader utiliza las fuentes originales incluidas con el libro.","Reader utiliza las fuentes originales incluidas con el libro."
"C_Reader_BookFont.Title","Usa las fuentes del libro","Usa las fuentes del libro"
"C_Reader_DictLang.Description","Idioma del diccionario del lector","Idioma del diccionario del lector"
"C_Reader_DictLang.Title","Idioma del diccionario","Idioma del diccionario"
"C_Reader_EnhRender.Description","Mejora el formato/diseño en el que se muestran los libros para su lectura.","Mejora el formato/diseño en el que se muestran los libros para su lectura."
"C_Reader_EnhRender.Title","Representación mejorada","Representación mejorada"
"C_Reader_SearchEngine.Description","Motor de búsqueda a utilizar para la búsqueda web","Motor de búsqueda a utilizar para la búsqueda web"
"C_Reader_SearchEngine.Title","motor de búsqueda","motor de búsqueda"
"C_Reader_StdMrgn.Description","Anula cualquier margen especificado en el libro para proporcionar un diseño coherente en el lector.","Anula cualquier margen especificado en el libro para proporcionar un diseño coherente en el lector."
"C_Reader_StdMrgn.Title","Estandarizar márgenes","Estandarizar márgenes"
"C_Reader_TextAlign.Description","Anula cualquier preferencia de alineación de texto establecida en el libro para proporcionar un diseño coherente en el lector.","Anula cualquier preferencia de alineación de texto establecida en el libro para proporcionar un diseño coherente en el lector."
"C_Reader_TextAlign.Title","Anular la alineación del texto","Anular la alineación del texto"
"C_ShowFavs.Content","Mostrar solo favoritos","Mostrar solo favoritos"
"CB_Category.ToolTipService.ToolTip","Categorías","Categorías"
"EBI_Author.Text","Autor(es):","Autor(es):"
"EBI_Cover1.Content","Seleccionar portada","Seleccionar portada"
"EBI_Cover2.ToolTipService.ToolTip","Restaurar portada original","Restaurar portada original"
"EBI_Description.Text","Descripción :","Descripción :"
"EBI_ErrMsg1","El número de serie no puede estar vacío","El número de serie no puede estar vacío"
"EBI_ErrMsg2","Número de serie no válido","Número de serie no válido"
"EBI_Genre.Text","Género(s):","Género(s):"
"EBI_Language.Text","Idioma(s):","Idioma(s):"
"EBI_Msg1.Text","• (s): utilice punto y coma ( ; ) para separar varias entradas.","• (s): utilice punto y coma ( ; ) para separar varias entradas."
"EBI_Publisher.Text","Editor(es):","Editor(es):"
"EBI_Series.Text","Serie :","Serie :"
"EBI_SeriesNumber.Text","Número de serie:","Número de serie:"
"EBI_Title.Text","Editar información del libro","Editar información del libro"
"IAP_Discount.Text","20% de descuento","20% de descuento"
"IAP_Popular.Text","Más Popular","Más Popular"
"M_About.Content","Sobre nosotros","Sobre nosotros"
"M_AddBook.Text","Agregar archivo(s) de libro","Agregar archivo(s) de libro"
"M_AddFavourite.Text","Agregar favorito","Agregar favorito"
"M_AddFolder.Text","Agregar carpeta","Agregar carpeta"
"M_Backup.Content","Copia de seguridad y restauración","Copia de seguridad y restauración"
"M_BookInfo.Text","Información del libro","Información del libro"
"M_ChngLog.Content","Registro de cambios","Registro de cambios"
"M_CreationTime.Text","tiempo de creación","tiempo de creación"
"M_Edit.Text","Editar","Editar"
"M_EditBookInfo.Text","Editar información del libro","Editar información del libro"
"M_General.Content","General","General"
"M_OpenBook.Text","Libro abierto","Libro abierto"
"M_Personal.Content","Personalización","Personalización"
"M_PinUnpin.Text","Anclar/Desanclar para comenzar","Anclar/Desanclar para comenzar"
"M_PosInBook.Text","Posición en el libro","Posición en el libro"
"M_Reader.Content","Lector","Lector"
"M_Remove.Text","Eliminar","Eliminar"
"M_RemoveFavourite.Text","Eliminar favorito","Eliminar favorito"
"M_SaveToFile.Text","Guardar en archivo","Guardar en archivo"
"M_Share.Text","Compartir","Compartir"
"M_SyncFolder.Content","Sincronizar carpetas","Sincronizar carpetas"
"N_Collections.Content","Colecciones","Colecciones"
"N_Feedback.Content","Comentario","Comentario"
"N_Home.Content","Hogar","Hogar"
"N_Library.Content","Biblioteca","Biblioteca"
"N_OnlineBooks.Content","Libros en línea","Libros en línea"
"N_Premium.Content","De primera calidad","De primera calidad"
"N_ReportBug.Content","Informar error","Informar error"
"N_Settings.Content","Ajustes","Ajustes"
"N_Statistics.Content","Estadística","Estadística"
"RI_No","No","No"
"RI_Title.Text","¿Estás disfrutando de Aquile Reader?","¿Estás disfrutando de Aquile Reader?"
"RI_Title2","¿Te tomarías un momento para calificarnos en la tienda?","¿Te tomarías un momento para calificarnos en la tienda?"
"RI_Title3","¿Le gustaría compartir algunos comentarios con nosotros?","¿Le gustaría compartir algunos comentarios con nosotros?"
"RI_Yes.Content","Sí","Sí"
"S_ActSub","Suscripción activa","Suscripción activa"
"S_ActSub_Msg1","Parece que ya tienes una suscripción activa, asegúrate de cancelarla para evitar facturación adicional.","Parece que ya tienes una suscripción activa, asegúrate de cancelarla para evitar facturación adicional."
"S_AddMore","Añadir más...","Añadir más..."
"S_AddSite_Err1","El título no puede estar vacío.","El título no puede estar vacío."
"S_AddSite_Err2","La longitud del título puede tener hasta 100 caracteres.","La longitud del título puede tener hasta 100 caracteres."
"S_AdMsg1","Actualízate a la versión PREMIUM","Actualízate a la versión PREMIUM"
"S_AdMsg2","Para eliminar anuncios y obtener funciones adicionales, haga clic aquí.","Para eliminar anuncios y obtener funciones adicionales, haga clic aquí."
"S_All","Todo","Todo"
"S_AppWidthBookInfo","El ancho de la ventana de la aplicación es demasiado pequeño para abrir el panel de información del libro.","El ancho de la ventana de la aplicación es demasiado pequeño para abrir el panel de información del libro."
"S_AppWidthLess","El ancho de la ventana de la aplicación es demasiado pequeño.","El ancho de la ventana de la aplicación es demasiado pequeño."
"S_AS_AvgPagePerHr","Promedio número de páginas volteadas por hora","Promedio número de páginas volteadas por hora"
"S_AS_AvgReadHours","Promedio horas de lectura por dia","Promedio horas de lectura por dia"
"S_AS_AvgTimePerPage","Promedio tiempo de lectura (seg) por página","Promedio tiempo de lectura (seg) por página"
"S_AS_Msg1","¿Está seguro de que desea borrar todas las estadísticas?","¿Está seguro de que desea borrar todas las estadísticas?"
"S_AS_NumBooksLib","Número de libros en la biblioteca.","Número de libros en la biblioteca."
"S_AS_NumBooksRead","Número de libros leídos","Número de libros leídos"
"S_AS_NumPagesTurned","Número de páginas volteadas","Número de páginas volteadas"
"S_AS_SpeedWPM","Velocidad de lectura (palabras por minuto)","Velocidad de lectura (palabras por minuto)"
"S_AS_TotalReadHours","Horas totales de lectura","Horas totales de lectura"
"S_B_Close","Cerca","Cerca"
"S_B_OnlineBookContent1","Seleccione el sitio web desde donde desea descargar el libro electrónico.
[1/4]","Seleccione el sitio web desde donde desea descargar el libro electrónico.
[1/4]"
"S_B_OnlineBookContent2","Explore el catálogo y haga clic en cualquier enlace de descarga de libros electrónicos. La aplicación descargará el libro y lo agregará a la biblioteca.
[2/4]","Explore el catálogo y haga clic en cualquier enlace de descarga de libros electrónicos. La aplicación descargará el libro y lo agregará a la biblioteca.
[2/4]"
"S_B_OnlineBookContent3","Tus descargas aparecerán aquí.
[3/4]","Tus descargas aparecerán aquí.
[3/4]"
"S_B_OnlineBookContent4","Agregue su propio sitio web desde donde desea descargar libros electrónicos.
[4/4]","Agregue su propio sitio web desde donde desea descargar libros electrónicos.
[4/4]"
"S_B_OnlineBookTitle1","Seleccionar sitio web de libros electrónicos","Seleccionar sitio web de libros electrónicos"
"S_B_OnlineBookTitle2","Descargar libro electrónico","Descargar libro electrónico"
"S_B_OnlineBookTitle3","Seguimiento de descargas","Seguimiento de descargas"
"S_B_OnlineBookTitle4","Agregar sitio web de libros electrónicos","Agregar sitio web de libros electrónicos"
"S_B_PauseReading","Pausar la lectura (espacio)","Pausar la lectura (espacio)"
"S_B_StartReading","Empezar a leer (espacio)","Empezar a leer (espacio)"
"S_B_TutDone","Hecho","Hecho"
"S_B_TutNext","Próximo","Próximo"
"S_B_TutReaderContent1","Toque los bordes de la pantalla, deslice la página, use las teclas ← / → del teclado o use la rueda de desplazamiento del mouse para ir a la página anterior o siguiente.
[1/8]","Toque los bordes de la pantalla, deslice la página, use las teclas ← / → del teclado o use la rueda de desplazamiento del mouse para ir a la página anterior o siguiente.
[1/8]"
"S_B_TutReaderContent2","Seleccione texto o haga clic derecho en cualquier palabra para abrir el menú contextual del Lector.
Puede agregar notas, resaltar o marcar desde aquí.
[2/8]","Seleccione texto o haga clic derecho en cualquier palabra para abrir el menú contextual del Lector.
Puede agregar notas, resaltar o marcar desde aquí.
[2/8]"
"S_B_TutReaderContent3","Accede al índice del libro desde aquí.
[3/8]","Accede al índice del libro desde aquí.
[3/8]"
"S_B_TutReaderContent4","Sus notas y puntos destacados se enumerarán aquí.
[4/8]","Sus notas y puntos destacados se enumerarán aquí.
[4/8]"
"S_B_TutReaderContent5","Establecer marcadores aparecerá aquí.
[5/8]","Establecer marcadores aparecerá aquí.
[5/8]"
"S_B_TutReaderContent6","Busque en el capítulo actual o en todo el libro.
[6/8]","Busque en el capítulo actual o en todo el libro.
[6/8]"
"S_B_TutReaderContent7","Puede utilizarlo para leer en voz alta el contenido del libro (texto a voz).
[7/8]","Puede utilizarlo para leer en voz alta el contenido del libro (texto a voz).
[7/8]"
"S_B_TutReaderContent8","Puede configurar el diseño de la página, el estilo, la combinación de colores, etc. desde aquí.
[8/8]","Puede configurar el diseño de la página, el estilo, la combinación de colores, etc. desde aquí.
[8/8]"
"S_B_TutReaderTitle1","cambio de página","cambio de página"
"S_B_TutReaderTitle2","Menú contextual del lector","Menú contextual del lector"
"S_B_TutReaderTitle3","Tabla de contenido","Tabla de contenido"
"S_B_TutReaderTitle4","Notas y aspectos destacados","Notas y aspectos destacados"
"S_B_TutReaderTitle5","Marcadores","Marcadores"
"S_B_TutReaderTitle6","Buscar","Buscar"
"S_B_TutReaderTitle7","Leer en voz alta","Leer en voz alta"
"S_B_TutReaderTitle8","Estilo de texto","Estilo de texto"
"S_Backup","Respaldo","Respaldo"
"S_Backup_ErrMsg1","Seleccione al menos 1 configuración","Seleccione al menos 1 configuración"
"S_Backup_ErrMsg2","La operación falló. Por favor contacte al soporte.","La operación falló. Por favor contacte al soporte."
"S_BannerAds","Anuncios publicitarios","Anuncios publicitarios"
"S_BookAddedMsg","{0}: libro añadido correctamente.","{0}: libro añadido correctamente."
"S_BookAddStartScreen","Libro añadido a la pantalla de inicio.","Libro añadido a la pantalla de inicio."
"S_BookExistsMsg","{0}: el libro ya existe.","{0}: el libro ya existe."
"S_BookFont","fuente del libro","fuente del libro"
"S_BookmarkAdded","Marcador añadido.","Marcador añadido."
"S_BookmarkExists","El marcador ya existe.","El marcador ya existe."
"S_BookRmStartScreen","Libro eliminado de la pantalla de inicio.","Libro eliminado de la pantalla de inicio."
"S_BooksAdded","{0} libro(s) añadido(s).","{0} libro(s) añadido(s)."
"S_BooksAlreadyExists","El libro ya existe.","El libro ya existe."
"S_BookSystemLimitError_Msg","No se pueden agregar más libros porque se alcanzó el límite del sistema. Considere eliminar archivos de libros agregados individualmente y use la opción ""Agregar carpeta"" para agregar libros de forma masiva.","No se pueden agregar más libros porque se alcanzó el límite del sistema. Considere eliminar archivos de libros agregados individualmente y use la opción ""Agregar carpeta"" para agregar libros de forma masiva."
"S_BookSystemLimitError_Title","No se pueden agregar libros","No se pueden agregar libros"
"S_Cancelled","Cancelado","Cancelado"
"S_Collapse","Colapsar","Colapsar"
"S_CollectionConstAll","Todo","Todo"
"S_CollectionConstBookmarks","Marcadores","Marcadores"
"S_CollectionConstHighlights","Reflejos","Reflejos"
"S_CollectionConstNotes","Notas","Notas"
"S_Completed","Terminado","Terminado"
"S_Confirmation","Confirmación","Confirmación"
"S_CTheme1","Patio de vides","Patio de vides"
"S_CTheme2","Lado Oscuro","Lado Oscuro"
"S_CTheme3","Baya Fresca","Baya Fresca"
"S_CTheme4","naranja pulposa","naranja pulposa"
"S_CTheme5","cielo despejado","cielo despejado"
"S_CTheme6","Destello","Destello"
"S_CTheme7","Turquesa","Turquesa"
"S_CTheme8","manzana verde","manzana verde"
"S_CThemeMsg1","Tema copiado al portapapeles.","Tema copiado al portapapeles."
"S_CThemeMsg2","Tema no seleccionado.","Tema no seleccionado."
"S_CurrentChapter","Capítulo actual","Capítulo actual"
"S_DateAdded.Text","Fecha agregada:","Fecha agregada:"
"S_Description.Text","Descripción :","Descripción :"
"S_DockLeft","Muelle a la izquierda","Muelle a la izquierda"
"S_DockRight","Atracar a la derecha","Atracar a la derecha"
"S_DownloadBook","descargar libro","descargar libro"
"S_DownloadBook_Msg","¿Quieres descargar este libro y agregarlo a la biblioteca?","¿Quieres descargar este libro y agregarlo a la biblioteca?"
"S_Downloading","Descargando","Descargando"
"S_EntireBook","Libro completo","Libro completo"
"S_ErrMsg1","Aquile Reader no tiene permiso para acceder al archivo del libro: {0}.
Haga clic en ""Otorgar permiso"" y seleccione el mismo archivo del libro en la ventana del selector de archivos.","Aquile Reader no tiene permiso para acceder al archivo del libro: {0}.
Haga clic en ""Otorgar permiso"" y seleccione el mismo archivo del libro en la ventana del selector de archivos."
"S_ErrMsg1_btn","Conceder permiso","Conceder permiso"
"S_ErrMsg2","El archivo que está intentando abrir ya no existe.
Por favor verifique e intente nuevamente.","El archivo que está intentando abrir ya no existe.
Por favor verifique e intente nuevamente."
"S_ErrMsg3","Es posible que el archivo esté en uso, bloqueado o que no tenga permisos suficientes.","Es posible que el archivo esté en uso, bloqueado o que no tenga permisos suficientes."
"S_ErrMsg4","El archivo seleccionado es diferente del archivo del libro original: {0}.","El archivo seleccionado es diferente del archivo del libro original: {0}."
"S_ErrMsg6","Si el problema persiste, comuníquese con el soporte.","Si el problema persiste, comuníquese con el soporte."
"S_ErrTitle1","¡No se puede acceder al libro!","¡No se puede acceder al libro!"
"S_ErrTitle2","¡El archivo no existe!","¡El archivo no existe!"
"S_ErrTitle3","¡No puedo abrir el archivo!","¡No puedo abrir el archivo!"
"S_ErrTitle4","¡No es el mismo archivo!","¡No es el mismo archivo!"
"S_ErrTitle5","¡Ocurrió un error inesperado!","¡Ocurrió un error inesperado!"
"S_ErrTitle6","No se pudo abrir el archivo","No se pudo abrir el archivo"
"S_Expand","Expandir","Expandir"
"S_Failed","Fallido","Fallido"
"S_FileCountLimitBtn1","Cancelar y usar 'Agregar carpeta'","Cancelar y usar 'Agregar carpeta'"
"S_FileCountLimitBtn2","Continuar agregando libros","Continuar agregando libros"
"S_FileCountLimitMsg","Agregar una gran cantidad de archivos de libros individuales puede alcanzar el límite del sistema, impidiendo así que se agreguen nuevos libros.
Utilice la opción 'Agregar carpeta' para agregar archivos de libros de forma masiva.","Agregar una gran cantidad de archivos de libros individuales puede alcanzar el límite del sistema, impidiendo así que se agreguen nuevos libros.
Utilice la opción 'Agregar carpeta' para agregar archivos de libros de forma masiva."
"S_FileCountLimitTitle","¡Advertencia!","¡Advertencia!"
"S_FileNotSaved","{0} no se pudo guardar.","{0} no se pudo guardar."
"S_FilePath.Text","Ruta del archivo:","Ruta del archivo:"
"S_FileSaved","{0} se guardó.","{0} se guardó."
"S_Genre.Text","Género :","Género :"
"S_GoPrem","Ir Premium","Ir Premium"
"S_HighNotes_Msg1","El contenido seleccionado no debe incluir los espacios en blanco del encabezado o pie de página. Vuelva a seleccionar.","El contenido seleccionado no debe incluir los espacios en blanco del encabezado o pie de página. Vuelva a seleccionar."
"S_HighNotesMsg1","No se puede agregar resaltado mientras el panel de búsqueda está abierto.","No se puede agregar resaltado mientras el panel de búsqueda está abierto."
"S_HighNotesMsg2","El texto seleccionado para Resaltar y Nota no puede superponerse.","El texto seleccionado para Resaltar y Nota no puede superponerse."
"S_HighNotesMsg3","Se debe seleccionar un mínimo de 1 carácter para resaltar.","Se debe seleccionar un mínimo de 1 carácter para resaltar."
"S_HighNotesMsg4","Se pueden seleccionar un máximo de 4000 caracteres para resaltar.","Se pueden seleccionar un máximo de 4000 caracteres para resaltar."
"S_HighNotesMsg5","No se puede agregar una nota mientras el panel de búsqueda está abierto.","No se puede agregar una nota mientras el panel de búsqueda está abierto."
"S_HighNotesMsg6","El texto seleccionado para Nota y Resaltado no puede superponerse.","El texto seleccionado para Nota y Resaltado no puede superponerse."
"S_HighNotesMsg7","Se debe seleccionar un mínimo de 1 carácter para agregar una nota.","Se debe seleccionar un mínimo de 1 carácter para agregar una nota."
"S_HighNotesMsg8","Se pueden seleccionar un máximo de 4000 caracteres para agregar notas.","Se pueden seleccionar un máximo de 4000 caracteres para agregar notas."
"S_HighNotesMsg9","El texto de la nota no puede estar vacío.","El texto de la nota no puede estar vacío."
"S_InterstitialAds","Anuncios intersticiales","Anuncios intersticiales"
"S_InvalidUrl","URL no válida","URL no válida"
"S_Language.Text","Idioma :","Idioma :"
"S_LastRead.Text","Última lectura:","Última lectura:"
"S_LibConstAllBooks","Todos los libros","Todos los libros"
"S_LibConstCompleted","Terminado","Terminado"
"S_LibConstDownloads","Descargas","Descargas"
"S_LibConstFav","Favoritos","Favoritos"
"S_LibConstNotStarted","No iniciado","No iniciado"
"S_LibConstReading","Lectura","Lectura"
"S_LineCount.Text","Número de líneas:","Número de líneas:"
"S_matchesFound","{0} coincidencias encontradas","{0} coincidencias encontradas"
"S_MoreFonts","¡Obtén más fuentes!","¡Obtén más fuentes!"
"S_No","No","No"
"S_None","(Ninguno)","(Ninguno)"
"S_NotSupported","No compatible","No compatible"
"S_NotSupported_Msg","No se admite la descarga de archivos que no sean .epub","No se admite la descarga de archivos que no sean .epub"
"S_OnlineBook_CompleteAdded","Completado | Agregado a la biblioteca","Completado | Agregado a la biblioteca"
"S_OnlineBook_CompleteExists","Completado | Ya existe","Completado | Ya existe"
"S_OnlineBook_CompleteFailAdd","Completado | No se pudo agregar a la biblioteca","Completado | No se pudo agregar a la biblioteca"
"S_PercentageRead.Text","Porcentaje leído:","Porcentaje leído:"
"S_Pin","Alfiler","Alfiler"
"S_Prem_Msg1","¡Disculpas! Parece que ya eres propietario de esto. Hemos actualizado nuestros registros para reflejarlo correctamente.","¡Disculpas! Parece que ya eres propietario de esto. Hemos actualizado nuestros registros para reflejarlo correctamente."
"S_Prem_Msg2","¡Felicitaciones! La compra fue exitosa.","¡Felicitaciones! La compra fue exitosa."
"S_Prem_Msg3","¡Lo siento! Parece que la transacción fue cancelada, inténtalo de nuevo.","¡Lo siento! Parece que la transacción fue cancelada, inténtalo de nuevo."
"S_Prem_Msg4","¡Lo siento! Parece que la compra falló debido a problemas de red. Inténtalo de nuevo.","¡Lo siento! Parece que la compra falló debido a problemas de red. Inténtalo de nuevo."
"S_Prem_Msg5","¡Lo siento! Parece que la compra falló debido a algún error del servidor, inténtelo de nuevo.","¡Lo siento! Parece que la compra falló debido a algún error del servidor, inténtelo de nuevo."
"S_Prem_Msg6","¡Lo siento! Algo salió mal durante la compra, inténtalo de nuevo.","¡Lo siento! Algo salió mal durante la compra, inténtalo de nuevo."
"S_PremAnnual","Prima [Anual]","Prima [Anual]"
"S_PremFree","Gratis","Gratis"
"S_PremiumBooksCount","La versión gratuita de la aplicación solo admite {0} libros en la biblioteca a la vez.
Para agregar más, actualice a Aquile Reader Premium.","La versión gratuita de la aplicación solo admite {0} libros en la biblioteca a la vez.
Para agregar más, actualice a Aquile Reader Premium."
"S_PremiumCollection","La versión gratuita de la aplicación admite un total de {0} elementos de colección.
Para crear más, actualice a Aquile Reader Premium.","La versión gratuita de la aplicación admite un total de {0} elementos de colección.
Para crear más, actualice a Aquile Reader Premium."
"S_PremiumColorThemes","La versión gratuita de la aplicación solo admite {0} temas personalizados.
Para crear más, actualice a Aquile Reader Premium.","La versión gratuita de la aplicación solo admite {0} temas personalizados.
Para crear más, actualice a Aquile Reader Premium."
"S_PremiumFonts","Actualice a Premium y obtenga acceso a todas las fuentes instaladas en el sistema.","Actualice a Premium y obtenga acceso a todas las fuentes instaladas en el sistema."
"S_PremiumPin","La versión gratuita de la aplicación solo admite {0} libros fijados a la pantalla de inicio a la vez.
Para agregar más, actualice a Aquile Reader Premium.","La versión gratuita de la aplicación solo admite {0} libros fijados a la pantalla de inicio a la vez.
Para agregar más, actualice a Aquile Reader Premium."
"S_PremiumRAHighlight","Los colores de resaltado personalizados de ReadAloud solo están disponibles en Aquile Reader Premium.
Actualízate a Premium y disfruta de todas las funciones.","Los colores de resaltado personalizados de ReadAloud solo están disponibles en Aquile Reader Premium.
Actualízate a Premium y disfruta de todas las funciones."
"S_PremiumSyncFolders","La versión gratuita de la aplicación solo admite {0} carpetas de sincronización.
Para crear más, actualice a Aquile Reader Premium.","La versión gratuita de la aplicación solo admite {0} carpetas de sincronización.
Para crear más, actualice a Aquile Reader Premium."
"S_PremiumThemes","Los temas de página personalizados solo están disponibles en Aquile Reader Premium.
Actualízate a Premium y disfruta de todas las funciones.","Los temas de página personalizados solo están disponibles en Aquile Reader Premium.
Actualízate a Premium y disfruta de todas las funciones."
"S_PremLife","Premium [de por vida]","Premium [de por vida]"
"S_PremOff1","25% de descuento","25% de descuento"
"S_PremOff2","30% de descuento","30% de descuento"
"S_PremQuarterly","Prima [Trimestral]","Prima [Trimestral]"
"S_PremTrial","Premium [Prueba]","Premium [Prueba]"
"S_PremUpg","Actualización premium","Actualización premium"
"S_Publisher.Text","Editorial:","Editorial:"
"S_ReadAloud_Err1","Error de configuración de texto a voz","Error de configuración de texto a voz"
"S_ReadAloud_ErrMsg1","Text-to-Speech no está configurado correctamente en este dispositivo; siga el enlace ""Cómo solucionarlo"" para configurarlo correctamente. Si el problema persiste, comuníquese con el soporte.","Text-to-Speech no está configurado correctamente en este dispositivo; siga el enlace ""Cómo solucionarlo"" para configurarlo correctamente. Si el problema persiste, comuníquese con el soporte."
"S_ReadAloud_ErrMsg1_btn","como arreglar","como arreglar"
"S_ReadAloudMsg1","No se permite el cambio de capítulo en el modo ReadAloud.","No se permite el cambio de capítulo en el modo ReadAloud."
"S_ReadAloudMsg2","Caracteres ilegibles detectados. Salto a la comba.","Caracteres ilegibles detectados. Salto a la comba."
"S_ReadAloudMsg3","Próximo capítulo.","Próximo capítulo."
"S_ReadAloudMsg4","Se produjo un error inesperado durante la lectura.","Se produjo un error inesperado durante la lectura."
"S_Restore","Restaurar","Restaurar"
"S_RmSyncFolderMsg1","{0} libros eliminados.","{0} libros eliminados."
"S_Save","Ahorrar","Ahorrar"
"S_SelectBackupFile","Seleccionar archivo de respaldo","Seleccionar archivo de respaldo"
"S_SelectFolder","Seleccionar carpeta","Seleccionar carpeta"
"S_Series.Text","Serie :","Serie :"
"S_ShareCollection","Compartir colecciones","Compartir colecciones"
"S_SomethingWentWrong","¡Algo salió mal!","¡Algo salió mal!"
"S_Sync_Now","Sincronizar ahora","Sincronizar ahora"
"S_Sync_syncing","Sincronizando...","Sincronizando..."
"S_SyncFolder","Carpeta de sincronización","Carpeta de sincronización"
"S_TextCopied","Texto seleccionado copiado al portapapeles.","Texto seleccionado copiado al portapapeles."
"S_TOCMsg1","La tabla de contenidos aún se está cargando...","La tabla de contenidos aún se está cargando..."
"S_Understand","Entiendo","Entiendo"
"S_UnPin","Desprender","Desprender"
"S_Update","Actualizar","Actualizar"
"S_UpdateFolder","Actualizar carpeta","Actualizar carpeta"
"S_UrlNotExist","¡La URL no existe!","¡La URL no existe!"
"S_WordCount.Text","Número de palabras:","Número de palabras:"
"S_WrongMsg1","Lo sentimos, pero parece que algo salió mal.
Intente abrir el archivo nuevamente. Si el problema persiste, comuníquese con el soporte.","Lo sentimos, pero parece que algo salió mal.
Intente abrir el archivo nuevamente. Si el problema persiste, comuníquese con el soporte."
"S_Yes","Sí","Sí"
"T_About_copyright.Text","© Optimilia Estudios. Reservados todos los derechos.","© Optimilia Estudios. Reservados todos los derechos."
"T_AddBook.Text","Añade un libro para empezar","Añade un libro para empezar"
"T_AddFolderMsg1.Text","Escanear y agregar libros","Escanear y agregar libros"
"T_AddFolderRes1.Text","Nuevos libros añadidos:","Nuevos libros añadidos:"
"T_AddFolderRes2.Text","Libros ya existentes:","Libros ya existentes:"
"T_AddFolderRes3.Text","No se pudieron agregar libros:","No se pudieron agregar libros:"
"T_AddSite.Text","Agregar sitio","Agregar sitio"
"T_AddTheme.Text","Agregar tema","Agregar tema"
"T_AquilePremium.Text","Lector Aquile Premium","Lector Aquile Premium"
"T_Backup_Beta.Text","Beta","Beta"
"T_Backup_Bkp.Text","Crea una copia de seguridad con las configuraciones seleccionadas.","Crea una copia de seguridad con las configuraciones seleccionadas."
"T_Backup_Heading.Text","Copia de seguridad y restauración","Copia de seguridad y restauración"
"T_Backup_Restore.Text","Restaure las configuraciones seleccionadas desde el archivo de copia de seguridad.
Nota: Esto anulará las configuraciones actuales, p. Las notas nuevas, resaltados, etc. se pueden perder si no están contenidos en la copia de seguridad.","Restaure las configuraciones seleccionadas desde el archivo de copia de seguridad.
Nota: Esto anulará las configuraciones actuales, p. Las notas nuevas, resaltados, etc. se pueden perder si no están contenidos en la copia de seguridad."
"T_BookmarksEmpty.Text","Encuentra tus favoritos aquí.","Encuentra tus favoritos aquí."
"T_ChangeLog.Text","Registro de cambios","Registro de cambios"
"T_Credits1.Text","Créditos","Créditos"
"T_CurrentPlan.Text","Plan actual:","Plan actual:"
"T_Custom1","1. Seleccione el color de fondo","1. Seleccione el color de fondo"
"T_Custom2","2. Seleccione el color de primer plano del texto.","2. Seleccione el color de primer plano del texto."
"T_Custom3","3. Seleccione el modo de color","3. Seleccione el modo de color"
"T_DictWebSrch1.Text","mira esto","mira esto"
"T_DictWebSrch2.Text","en la web","en la web"
"T_Downloads1.Text","Encuentra tus descargas aquí.","Encuentra tus descargas aquí."
"T_Exp.Text","Experimental","Experimental"
"T_ExpDetails.Text","Estas características aún están en desarrollo y pueden ser un poco inestables o tener errores. Puede probarlos y compartir sus comentarios con nosotros.","Estas características aún están en desarrollo y pueden ser un poco inestables o tener errores. Puede probarlos y compartir sus comentarios con nosotros."
"T_ExpDetailsLink.Text","Más detalles y problemas conocidos","Más detalles y problemas conocidos"
"T_FavBooks.Text","Libros favoritos","Libros favoritos"
"T_FavEmptyMsg.Text","Tus libros favoritos aparecerían aquí.","Tus libros favoritos aparecerían aquí."
"T_FontStyle.Text","Estilo de fuente","Estilo de fuente"
"t_For.Text","para","para"
"T_GeneralSettings.Text","Configuraciones generales","Configuraciones generales"
"T_HighEdit1.Text","Seleccionar color de resaltado de texto","Seleccionar color de resaltado de texto"
"T_HighlightColor.Text","Color de resaltado","Color de resaltado"
"T_HighNotesEmpty.Text","Encuentre sus notas y aspectos destacados aquí.","Encuentre sus notas y aspectos destacados aquí."
"T_Initializing.Text","Inicializando","Inicializando"
"T_Language.Text","Idioma","Idioma"
"T_LineSpace.Text","Espacio de línea","Espacio de línea"
"T_NoCollections.Text","No hay colecciones disponibles","No hay colecciones disponibles"
"T_NoDefFound.Text","No se encontró ninguna definición","No se encontró ninguna definición"
"T_NoMatchesFound.Text","No se encontraron coincidencias","No se encontraron coincidencias"
"T_NoteText.PlaceholderText","Introducir texto de nota","Introducir texto de nota"
"T_OBPlaceHolder.Text","Seleccione el sitio para comenzar a descargar libros electrónicos","Seleccione el sitio para comenzar a descargar libros electrónicos"
"T_OnlineBooksWarn1","Información importante","Información importante"
"T_OnlineBooksWarn2","Guardamos las cookies utilizadas por los sitios web para mantener la continuidad de sus inicios de sesión y brindar una mejor experiencia.","Guardamos las cookies utilizadas por los sitios web para mantener la continuidad de sus inicios de sesión y brindar una mejor experiencia."
"T_OnlineBooksWarn3","No recomendamos realizar compras/pagos desde aquí; utilice su navegador habitual para lo mismo.","No recomendamos realizar compras/pagos desde aquí; utilice su navegador habitual para lo mismo."
"T_OpeningBook.Text","Libro de apertura","Libro de apertura"
"T_OpenLibrary.Text","Biblioteca abierta","Biblioteca abierta"
"T_PageLayout.Text","Diseño de página","Diseño de página"
"T_PageTheme.Text","Temas de página","Temas de página"
"T_ParagraphSpace.Text","Espacio de párrafo","Espacio de párrafo"
"T_Personalization.Text","Personalización","Personalización"
"T_Processing.Text","Tratamiento","Tratamiento"
"T_RaPremMsg.Text","Los controles de audio TTS (Text-to-Speech) que incluyen velocidad de lectura, tono y volumen de audio solo están disponibles en la versión premium de la aplicación.","Los controles de audio TTS (Text-to-Speech) que incluyen velocidad de lectura, tono y volumen de audio solo están disponibles en la versión premium de la aplicación."
"T_ReaderSettings.Text","Configuración del lector","Configuración del lector"
"T_RecentReads.Text","Lecturas recientes","Lecturas recientes"
"T_RmSyncFolder.Text","Eliminar carpeta de sincronización","Eliminar carpeta de sincronización"
"T_RmSyncFolderConf.Text","¿Estás seguro de que deseas eliminar esta carpeta sincronizada?","¿Estás seguro de que deseas eliminar esta carpeta sincronizada?"
"T_RmSyncFolderMsg1.Text","Quitar libros","Quitar libros"
"T_SBInput.PlaceholderText","Encontrar ...","Encontrar ..."
"T_SearchBox.PlaceholderText","Buscar por título o nombre del autor...","Buscar por título o nombre del autor..."
"T_Searching.Text","Búsqueda","Búsqueda"
"T_SeeMore.Text","Ver más","Ver más"
"T_SelectFolder.Text","Seleccionar carpeta","Seleccionar carpeta"
"T_Settings.Text","Ajustes","Ajustes"
"T_SiteUrl.Text","URL del sitio:","URL del sitio:"
"T_SomeWentWrong.Text","Algo salió mal, inténtalo de nuevo.","Algo salió mal, inténtalo de nuevo."
"T_SpeechSpeed.Text","velocidad del habla","velocidad del habla"
"T_Statistics.Text","Estadística","Estadística"
"T_Sync_AddFolder.Text","Agregar carpeta de sincronización","Agregar carpeta de sincronización"
"T_Sync_BookCount.Text","Número de libros:","Número de libros:"
"T_Sync_msg1.Text","Esto proporciona una manera fácil de mantener sincronizadas la biblioteca de Aquile Reader y su colección de libros local.","Esto proporciona una manera fácil de mantener sincronizadas la biblioteca de Aquile Reader y su colección de libros local."
"T_Sync_msg2.Text","Aquile Reader al iniciar la aplicación sincroniza libros desde 'Sincronizar carpetas' y agrega/elimina libros automáticamente de la biblioteca de la aplicación.","Aquile Reader al iniciar la aplicación sincroniza libros desde 'Sincronizar carpetas' y agrega/elimina libros automáticamente de la biblioteca de la aplicación."
"T_Sync_SyncFolders.Text","Sincronizar carpetas","Sincronizar carpetas"
"T_TextAlignment.Text","Alineación de texto","Alineación de texto"
"T_TextSize.Text","Tamaño del texto","Tamaño del texto"
"T_TextSizeDecrease.Text","A-","A-"
"T_TextSizeDecrease.ToolTipService.ToolTip","Disminuir (Ctrl + -)","Disminuir (Ctrl + -)"
"T_TextSizeIncrease.Text","A+","A+"
"T_TextSizeIncrease.ToolTipService.ToolTip","Aumentar (Ctrl++)","Aumentar (Ctrl++)"
"T_Title.Text","Título :","Título :"
"T_TocEmpty.Text","El índice de contenidos no está disponible para este libro.","El índice de contenidos no está disponible para este libro."
"T_Voice.Text","Voz","Voz"
"T_VoiceGender.Text","Género de voz","Género de voz"
"T_VoicePitch.Text","tono de voz","tono de voz"
"T_Volume.Text","Volumen","Volumen"
"T_WordSpace.Text","espacio de palabras","espacio de palabras"
"TC_B_DarkMode.Content","modo oscuro","modo oscuro"
"TC_B_LightMode.Content","Modo de luz","Modo de luz"
"TC_S_ErrMsg1","El nombre del tema debe tener entre 1 y 15 caracteres.","El nombre del tema debe tener entre 1 y 15 caracteres."
"TC_S_SelectAccentColor","2. Seleccione el color de acento","2. Seleccione el color de acento"
"TC_S_SelectBackColor","1. Seleccione el color de fondo","1. Seleccione el color de fondo"
"TC_S_SelectColorMode","3. Seleccione el modo de color","3. Seleccione el modo de color"
"TC_T_ThemeName.Text","4. Nombre del tema","4. Nombre del tema"
"TM_Author.Text","Autor","Autor"
"TM_FilePath.Text","Ruta del archivo","Ruta del archivo"
"TM_Genre.Text","Género","Género"
"TM_ImportTime.Text","Hora de importación","Hora de importación"
"TM_Language.Text","Idioma","Idioma"
"TM_LastReadTime.Text","Hora de la última lectura","Hora de la última lectura"
"TM_None.Text","(Ninguno)","(Ninguno)"
"TM_Publisher.Text","Editor","Editor"
"TM_ReadingProg.Text","Progreso de lectura","Progreso de lectura"
"TM_Series.Text","Serie","Serie"
"TM_SeriesNum.Text","Número de serie","Número de serie"
"TM_Title.Text","Título","Título"
"ToggleSwitch.OffContent","Desactivado","Desactivado"
"ToggleSwitch.OnContent","Activado","Activado"
"S_Previous","Anterior","Anterior"
"S_B_AppRestart","Es necesario reiniciar la aplicación","Es necesario reiniciar la aplicación"
"S_B_AppRestartFailed","No se puede reiniciar la aplicación. Reiníciela manualmente para que los cambios surtan efecto.","No se puede reiniciar la aplicación. Reiníciela manualmente para que los cambios surtan efecto."
"S_B_LangRestartMsg","Es necesario reiniciar la aplicación para que el cambio de idioma de visualización surta efecto. ¿Quieres continuar?","Es necesario reiniciar la aplicación para que el cambio de idioma de visualización surta efecto. ¿Quieres continuar?"
"S_B_Upgrade","Mejora","Mejora"
"S_B_UpgradePremMsg","¡Actualice a Aquile Reader Premium!","¡Actualice a Aquile Reader Premium!"
"T_HelpTranslateLink.Text","Ayuda a traducir a más idiomas","Ayuda a traducir a más idiomas"
"S_Free.Text","Versión gratuita","Versión gratuita"
"S_Free_Msg1.Text","Anuncios en la aplicación.","Anuncios en la aplicación."
"S_Free_Msg2.Text","Se admiten un máximo de 40 artículos de colección","Se admiten un máximo de 40 artículos de colección"
"S_Free_Msg3.Text","Máximo 20 libros en la biblioteca.","Máximo 20 libros en la biblioteca."
"S_Free_Msg4.Text","Los esquemas de color personalizados no son compatibles con el Lector","Los esquemas de color personalizados no son compatibles con el Lector"
"S_Free_Msg5.Text","Solo se permite 1 tema de color de aplicación personalizado","Solo se permite 1 tema de color de aplicación personalizado"
"S_Free_Msg6.Text","Número limitado de fuentes admitidas en el lector.","Número limitado de fuentes admitidas en el lector."
"S_Free_Msg7.Text","Compatibilidad limitada con TTS (texto a voz)","Compatibilidad limitada con TTS (texto a voz)"
"S_Free_Msg8.Text","Solo se permite 1 carpeta de sincronización","Solo se permite 1 carpeta de sincronización"
"S_Free_Msg9.Text","Se pueden fijar un máximo de 5 libros a la vez en la pantalla de Inicio","Se pueden fijar un máximo de 5 libros a la vez en la pantalla de Inicio"
"S_PremPage.Text","Versión prémium","Versión prémium"
"S_PremPage_Msg1.Text","Experiencia de lectura sin publicidad","Experiencia de lectura sin publicidad"
"S_PremPage_Msg2.Text","Sin límite de colecciones (destacados, notas y marcadores)","Sin límite de colecciones (destacados, notas y marcadores)"
"S_PremPage_Msg3.Text","No hay límite en la cantidad de libros en la biblioteca.","No hay límite en la cantidad de libros en la biblioteca."
"S_PremPage_Msg4.Text","Esquemas de colores personalizados disponibles en el Lector","Esquemas de colores personalizados disponibles en el Lector"
"S_PremPage_Msg5.Text","Soporte para cualquier cantidad de temas de color de aplicaciones personalizadas","Soporte para cualquier cantidad de temas de color de aplicaciones personalizadas"
"S_PremPage_Msg6.Text","Acceso a todas las fuentes instaladas en el sistema.","Acceso a todas las fuentes instaladas en el sistema."
"S_PremPage_Msg7.Text","Experiencia TTS (Text-to-Speech) completa","Experiencia TTS (Text-to-Speech) completa"
"S_PremPage_Msg8.Text","No hay límite en la cantidad de carpetas de sincronización","No hay límite en la cantidad de carpetas de sincronización"
"S_PremPage_Msg9.Text","No hay límite de libros de números fijados a la pantalla de Inicio","No hay límite de libros de números fijados a la pantalla de Inicio"
"Sync_CloudSync.Content","Sincronización en la nube","Sincronización en la nube"
"Sync_AllBooks","Todos los libros","Todos los libros"
"Sync_AllBooksListMsg","Todos los libros, excepto los siguientes, se están sincronizando:","Todos los libros, excepto los siguientes, se están sincronizando:"
"Sync_CloudSync_Heading.Text","Sincronización en la nube","Sincronización en la nube"
"Sync_EnableSync.Description","Active la sincronización de libros y metadatos entre dispositivos utilizando la cuenta de Google Drive vinculada.","Active la sincronización de libros y metadatos entre dispositivos utilizando la cuenta de Google Drive vinculada."
"Sync_EnableSync.Title","Habilitar sincronización en la nube","Habilitar sincronización en la nube"
"Sync_LinkAccount","Vincular cuenta de Google","Vincular cuenta de Google"
"Sync_LinkBeforeSync","Vincula la cuenta de Google antes de habilitar la sincronización.","Vincula la cuenta de Google antes de habilitar la sincronización."
"Sync_LinkedGDrive","Vinculado a Google Drive conectado a -","Vinculado a Google Drive conectado a -"
"Sync_SelectedBooks","Libros seleccionados","Libros seleccionados"
"Sync_SelectedBooksListMsg","Se están sincronizando los siguientes libros:","Se están sincronizando los siguientes libros:"
"Sync_SyncBookMode.Description","""Todos los libros"" significa que, de forma predeterminada, se sincronizarán todos los libros, excepto los excluidos.
""Libros seleccionados"" significa que, de forma predeterminada, no se sincronizará ningún libro, excepto los incluidos.","""Todos los libros"" significa que, de forma predeterminada, se sincronizarán todos los libros, excepto los excluidos.
""Libros seleccionados"" significa que, de forma predeterminada, no se sincronizará ningún libro, excepto los incluidos."
"Sync_SyncBookMode.Title","Libros para sincronizar","Libros para sincronizar"
"Sync_SyncGDrive","Sincronizando con Google Drive conectado a -","Sincronizando con Google Drive conectado a -"
"Sync_SyncInfo.Text","La sincronización en la nube permite el uso de Aquile Reader en múltiples dispositivos (Android y Windows) y sincroniza los datos entre ellos para una experiencia de lectura perfecta. La sincronización en la nube también puede servir como datos de respaldo que se pueden usar para restaurar después de una nueva instalación.","La sincronización en la nube permite el uso de Aquile Reader en múltiples dispositivos (Android y Windows) y sincroniza los datos entre ellos para una experiencia de lectura perfecta. La sincronización en la nube también puede servir como datos de respaldo que se pueden usar para restaurar después de una nueva instalación."
"Sync_SyncMsg.Description","Muestra mensajes emergentes cuando se está ejecutando la sincronización.","Muestra mensajes emergentes cuando se está ejecutando la sincronización."
"Sync_SyncMsg.Title","Mostrar mensajes de trabajo de sincronización","Mostrar mensajes de trabajo de sincronización"
"Sync_SyncUploadFiles.Description","Cargue archivos de libros electrónicos de origen a la nube.","Cargue archivos de libros electrónicos de origen a la nube."
"Sync_SyncUploadFiles.Title","Sincronizar archivos de libros electrónicos","Sincronizar archivos de libros electrónicos"
"Sync_UnlinkAccount","Desvincular cuenta de Google","Desvincular cuenta de Google"
"S_EmptyList.Text","La lista está vacía","La lista está vacía"
"Sync_DisableSync","Deshabilitar la sincronización en la nube","Deshabilitar la sincronización en la nube"
"Sync_EnableSyncStr","Habilitar sincronización en la nube","Habilitar sincronización en la nube"
"Sync_SyncNow.Text","Sincronizar reservar ahora","Sincronizar reservar ahora"
"Sync_UploadBookFile.Text","Subir archivo de libro","Subir archivo de libro"
"S_AddFav","Agregar favorito","Agregar favorito"
"S_RemoveFav","Eliminar favorito","Eliminar favorito"
"Sync_Cancelled","Sincronización cancelada","Sincronización cancelada"
"Sync_Complete","Sincronización completa","Sincronización completa"
"Sync_ComplteRefreshNeeded","Sincronización completa, se necesita actualizar el capítulo","Sincronización completa, se necesita actualizar el capítulo"
"Sync_Failed","Error de sincronización","Error de sincronización"
"Sync_Started","Sincronización iniciada","Sincronización iniciada"
"sync_tip.Subtitle","La sincronización en la nube utiliza Google Drive para permitir la sincronización entre dispositivos (Android y Windows) de libros, archivos de libros, metadatos, posición de lectura y anotaciones.

Al iniciar la aplicación, el último estado de los libros se descarga de la nube. Al abrir y cerrar un libro, el estado del libro se sincroniza nuevamente (tanto hacia arriba como hacia abajo).

Se proporcionan opciones para controlar el comportamiento de sincronización. Con la opción 'Todos los libros' de forma predeterminada, todos los libros se sincronizan, a menos que el usuario haya excluido algunos libros de la sincronización. ""Libros seleccionados"" significa que solo se sincronizan los libros seleccionados por el usuario. Los libros se pueden incluir/excluir utilizando el menú contextual del libro.","La sincronización en la nube utiliza Google Drive para permitir la sincronización entre dispositivos (Android y Windows) de libros, archivos de libros, metadatos, posición de lectura y anotaciones.

Al iniciar la aplicación, el último estado de los libros se descarga de la nube. Al abrir y cerrar un libro, el estado del libro se sincroniza nuevamente (tanto hacia arriba como hacia abajo).

Se proporcionan opciones para controlar el comportamiento de sincronización. Con la opción 'Todos los libros' de forma predeterminada, todos los libros se sincronizan, a menos que el usuario haya excluido algunos libros de la sincronización. ""Libros seleccionados"" significa que solo se sincronizan los libros seleccionados por el usuario. Los libros se pueden incluir/excluir utilizando el menú contextual del libro."
"sync_tip.Title","Sincronización en la nube","Sincronización en la nube"
"S_Free_Msg10.Text","Se pueden sincronizar un máximo de 3 libros con la nube.","Se pueden sincronizar un máximo de 3 libros con la nube."
"S_PremiumCloudSync","La versión gratuita solo admite la opción 'Libros seleccionados'.
Actualice a Aquile Reader Premium para disfrutar de todas las funciones.","La versión gratuita solo admite la opción 'Libros seleccionados'.
Actualice a Aquile Reader Premium para disfrutar de todas las funciones."
"S_PremiumCloudSyncLimit","La versión gratuita de la aplicación solo admite la sincronización de {0} libros con la nube.
Para agregar más, actualice a Aquile Reader Premium.","La versión gratuita de la aplicación solo admite la sincronización de {0} libros con la nube.
Para agregar más, actualice a Aquile Reader Premium."
"S_PremPage_Msg10.Text","No hay limitación en las opciones de sincronización en la nube.","No hay limitación en las opciones de sincronización en la nube."
